Threshold,Sample Efficiency,Percent Change
0.0,0.00020833333333333335,0.0
1.0,0.00021132221791392012,1.434664598681653
1.1,0.00020667223165711984,-0.797328804582483
1.2,0.00020832454771644245,-0.004217096107629603
1.3,0.00022575020647884738,8.360099109846734
1.4,0.00024384633080285254,17.046238785369212
1.5,0.00015706806282722512,-24.607329842931946
1.6,3.454231433506045e-05,-83.41968911917098
1.7000000000000002,0.0,-100.0
1.8,0.0,-100.0
1.9,0.0,-100.0
2.0,0.0,-100.0
